GGLEPINFQTAADQAR,b1,(1+),58.029
GGLEPINFQTAADQAR,b2,(1+),115.05
GGLEPINFQTAADQAR,b3,(1+),228.13400000000001
GGLEPINFQTAADQAR,b4,(1+),357.17699999999996
GGLEPINFQTAADQAR,b5,(1+),454.22999999999996
GGLEPINFQTAADQAR,b6,(1+),567.3140000000001
GGLEPINFQTAADQAR,b7,(1+),681.3570000000001
GGLEPINFQTAADQAR,b8,(1+),828.4250000000001
GGLEPINFQTAADQAR,b9,(1+),956.484
GGLEPINFQTAADQAR,b10,(1+),1057.532
GGLEPINFQTAADQAR,b11,(1+),1128.569
GGLEPINFQTAADQAR,b12,(1+),1199.606
GGLEPINFQTAADQAR,b13,(1+),1314.633
GGLEPINFQTAADQAR,b14,(1+),1442.692
GGLEPINFQTAADQAR,b15,(1+),1513.729
GGLEPINFQTAADQAR,b1,(2+),29.518500000000003
GGLEPINFQTAADQAR,b2,(2+),58.028999999999996
GGLEPINFQTAADQAR,b3,(2+),114.57100000000001
GGLEPINFQTAADQAR,b4,(2+),179.09249999999997
GGLEPINFQTAADQAR,b5,(2+),227.61899999999997
GGLEPINFQTAADQAR,b6,(2+),284.16100000000006
GGLEPINFQTAADQAR,b7,(2+),341.18250000000006
GGLEPINFQTAADQAR,b8,(2+),414.71650000000005
GGLEPINFQTAADQAR,b9,(2+),478.74600000000004
GGLEPINFQTAADQAR,b10,(2+),529.27
GGLEPINFQTAADQAR,b11,(2+),564.7885
GGLEPINFQTAADQAR,b12,(2+),600.307
GGLEPINFQTAADQAR,b13,(2+),657.8205
GGLEPINFQTAADQAR,b14,(2+),721.85
GGLEPINFQTAADQAR,b15,(2+),757.3685
GGLEPINFQTAADQAR,y1,(1+),175.124
GGLEPINFQTAADQAR,y2,(1+),246.161
GGLEPINFQTAADQAR,y3,(1+),374.22
GGLEPINFQTAADQAR,y4,(1+),489.247
GGLEPINFQTAADQAR,y5,(1+),560.284
GGLEPINFQTAADQAR,y6,(1+),631.321
GGLEPINFQTAADQAR,y7,(1+),732.369
GGLEPINFQTAADQAR,y8,(1+),860.428
GGLEPINFQTAADQAR,y9,(1+),1007.496
GGLEPINFQTAADQAR,y10,(1+),1121.539
GGLEPINFQTAADQAR,y11,(1+),1234.623
GGLEPINFQTAADQAR,y12,(1+),1331.6760000000002
GGLEPINFQTAADQAR,y13,(1+),1460.7190000000003
GGLEPINFQTAADQAR,y14,(1+),1573.8030000000003
GGLEPINFQTAADQAR,y15,(1+),1630.8240000000003
GGLEPINFQTAADQAR,y1,(2+),88.066
GGLEPINFQTAADQAR,y2,(2+),123.5845
GGLEPINFQTAADQAR,y3,(2+),187.614
GGLEPINFQTAADQAR,y4,(2+),245.1275
GGLEPINFQTAADQAR,y5,(2+),280.646
GGLEPINFQTAADQAR,y6,(2+),316.16450000000003
GGLEPINFQTAADQAR,y7,(2+),366.68850000000003
GGLEPINFQTAADQAR,y8,(2+),430.718
GGLEPINFQTAADQAR,y9,(2+),504.252
GGLEPINFQTAADQAR,y10,(2+),561.2735
GGLEPINFQTAADQAR,y11,(2+),617.8155
GGLEPINFQTAADQAR,y12,(2+),666.3420000000001
GGLEPINFQTAADQAR,y13,(2+),730.8635000000002
GGLEPINFQTAADQAR,y14,(2+),787.4055000000002
GGLEPINFQTAADQAR,y15,(2+),815.9160000000002
